{
	"credit": "Made with Blockbench",
	"parent": "block/block",
	"ambientocclusion": false,
	"textures": {
		"3": "block/end_stone",
		"4": "block/chorus_grass",
		"5": "block/midlands_grass",
		"6": "block/chorus_grass_ctm",
		"7": "block/chorus_grass_top",
		"particle": "block/end_stone"
	},
	"elements": [
		{
			"from": [0, 0, 0],
			"to": [16, 16, 16],
			"faces": {
				"north": {"uv": [0, 0, 16, 16], "texture": "#3", "cullface": "north"},
				"east": {"uv": [0, 0, 16, 16], "texture": "#3", "cullface": "east"},
				"south": {"uv": [0, 0, 16, 16], "texture": "#3", "cullface": "south"},
				"west": {"uv": [0, 0, 16, 16], "texture": "#3", "cullface": "west"},
				"down": {"uv": [0, 0, 16, 16], "texture": "#3", "cullface": "down"}
			}
		},
		{
			"from": [-0.1, 0, -0.1],
			"to": [16.1, 16, 16.1],
			"faces": {
				"north": {"uv": [0, 0, 16, 16], "texture": "#4", "cullface": "up"},
				"east": {"uv": [0, 0, 16, 16], "texture": "#4", "cullface": "up"},
				"south": {"uv": [0, 0, 16, 16], "texture": "#4", "cullface": "up"},
				"west": {"uv": [0, 0, 16, 16], "texture": "#4", "cullface": "up"}
			}
		},
		{
			"from": [0, 16.1, 0],
			"to": [16, 16.1, 16],
			"faces": {
				"up": {"uv": [0, 0, 16, 16], "texture": "#7", "cullface": "up"}
			}
		},
		{
			"from": [-2, 16.05, -2],
			"to": [18, 16.05, 18],
			"faces": {
				"up": {"uv": [3, 3, 13, 13], "texture": "#6", "cullface": "up"}
			}
		},
		{
			"from": [0, 16, 8],
			"to": [16, 32, 8],
			"shade": false,
			"rotation": {"angle": -45, "axis": "y", "origin": [8, 24, 8]},
			"faces": {
				"north": {"uv": [0, 0, 16, 16], "texture": "#5", "cullface": "up"},
				"south": {"uv": [0, 0, 16, 16], "texture": "#5", "cullface": "up"}
			}
		},
		{
			"from": [8, 16, 0],
			"to": [8, 32, 16],
			"shade": false,
			"rotation": {"angle": -45, "axis": "y", "origin": [8, 24, 8]},
			"faces": {
				"east": {"uv": [0, 0, 16, 16], "texture": "#5", "cullface": "up"},
				"west": {"uv": [0, 0, 16, 16], "texture": "#5", "cullface": "up"}
			}
		}
	]
}