{
	"credit": "Made with Blockbench",
	"ambientocclusion": false,
	"textures": {
		"1": "block/glass_pane_top",
		"2": "block/glass",
		"3": "block/glass2",
		"particle": "block/glass"
	},
	"elements": [
		{
			"from": [8, 0, 0],
			"to": [8, 16, 16],
			"rotation": {"angle": 0, "axis": "y", "origin": [8, 0, 8]},
			"faces": {
				"east": {"uv": [0, 0, 16, 16], "texture": "#3"},
				"west": {"uv": [0, 0, 16, 16], "texture": "#3"}
			}
		},
		{
			"from": [8, 15, 0],
			"to": [8, 16, 16],
			"rotation": {"angle": 0, "axis": "y", "origin": [8, 0, 8]},
			"faces": {
				"east": {"uv": [0, 0, 16, 1], "texture": "#2", "cullface": "up"},
				"west": {"uv": [0, 0, 16, 1], "texture": "#2", "cullface": "up"}
			}
		},
		{
			"from": [8, 0, 0],
			"to": [8, 1, 16],
			"rotation": {"angle": 0, "axis": "y", "origin": [8, 0, 8]},
			"faces": {
				"east": {"uv": [0, 15, 16, 16], "texture": "#2", "cullface": "down"},
				"west": {"uv": [0, 15, 16, 16], "texture": "#2", "cullface": "down"}
			}
		},
		{
			"from": [7, 0, 0],
			"to": [9, 16, 16],
			"faces": {
				"up": {"uv": [7, 0, 9, 16], "texture": "#1", "cullface": "up"},
				"down": {"uv": [7, 0, 9, 16], "texture": "#1", "cullface": "down"}
			}
		}
	]
}