{
	"credit": "Made with Blockbench",
	"ambientocclusion": false,
	"textures": {
		"0": "block/glass",
		"1": "block/glass_pane_top",
		"3": "block/glass3",
		"particle": "block/glass"
	},
	"elements": [
		{
			"from": [8, 0, 0],
			"to": [8, 16, 8],
			"rotation": {"angle": 0, "axis": "y", "origin": [8, 0, 8]},
			"faces": {
				"east": {"uv": [8, 0, 16, 16], "texture": "#3"},
				"west": {"uv": [0, 0, 8, 16], "texture": "#3"}
			}
		},
		{
			"from": [8, 15, 0],
			"to": [8, 16, 7],
			"rotation": {"angle": 0, "axis": "y", "origin": [8, 0, 8]},
			"faces": {
				"east": {"uv": [9, 0, 16, 1], "texture": "#0", "cullface": "up"},
				"west": {"uv": [0, 0, 7, 1], "texture": "#0", "cullface": "up"}
			}
		},
		{
			"from": [8, 0, 0],
			"to": [8, 1, 8],
			"rotation": {"angle": 0, "axis": "y", "origin": [8, 0, 8]},
			"faces": {
				"east": {"uv": [9, 15, 16, 16], "texture": "#0", "cullface": "down"},
				"west": {"uv": [0, 15, 7, 16], "texture": "#0", "cullface": "down"}
			}
		},
		{
			"from": [7, 0, 0],
			"to": [9, 16, 9],
			"faces": {
				"up": {"uv": [7, 0, 9, 9], "texture": "#1", "cullface": "up"},
				"down": {"uv": [7, 7, 9, 16], "texture": "#1", "cullface": "down"}
			}
		},
		{
			"from": [8, 0, 8],
			"to": [16, 16, 8],
			"rotation": {"angle": 0, "axis": "y", "origin": [8, 0, 8]},
			"faces": {
				"north": {"uv": [0, 0, 8, 16], "texture": "#3"},
				"south": {"uv": [8, 0, 16, 16], "texture": "#3"}
			}
		},
		{
			"from": [9, 0, 8],
			"to": [16, 1, 8],
			"rotation": {"angle": 0, "axis": "y", "origin": [8, 0, 8]},
			"faces": {
				"north": {"uv": [0, 15, 7, 16], "texture": "#0", "cullface": "down"},
				"south": {"uv": [9, 15, 16, 16], "texture": "#0", "cullface": "down"}
			}
		},
		{
			"from": [9, 15, 8],
			"to": [16, 16, 8],
			"rotation": {"angle": 0, "axis": "y", "origin": [8, 0, 8]},
			"faces": {
				"north": {"uv": [0, 0, 7, 1], "texture": "#0", "cullface": "up"},
				"south": {"uv": [9, 0, 16, 1], "texture": "#0", "cullface": "up"}
			}
		},
		{
			"from": [9, 0, 7],
			"to": [16, 16, 9],
			"rotation": {"angle": 0, "axis": "y", "origin": [8, 0, 8]},
			"faces": {
				"up": {"uv": [9, 0, 7, 7], "rotation": 90, "texture": "#1", "cullface": "up"},
				"down": {"uv": [9, 9, 7, 16], "rotation": 270, "texture": "#1", "cullface": "down"}
			}
		}
	],
	"groups": [
		{
			"name": "template_pane_corner",
			"origin": [8, 8, 8],
			"color": 0,
			"children": [0, 1, 2, 3, 4, 5, 6, 7]
		}
	]
}