{
	"credit": "Made with Blockbench",
	"ambientocclusion": false,
	"texture_size": [18, 18],
	"textures": {
		"0": "block/glass",
		"1": "block/glass_pane_top",
		"3": "block/glass3",
		"particle": "block/glass"
	},
	"elements": [
		{
			"from": [8, 0, 0],
			"to": [8, 16, 8],
			"faces": {
				"east": {"uv": [8, 0, 16, 16], "texture": "#3"},
				"west": {"uv": [0, 0, 8, 16], "texture": "#3"}
			}
		},
		{
			"from": [8, 15, 0],
			"to": [8, 16, 7],
			"faces": {
				"east": {"uv": [0, 0, 7, 1], "texture": "#0", "cullface": "up"},
				"west": {"uv": [9, 0, 16, 1], "texture": "#0", "cullface": "up"}
			}
		},
		{
			"from": [8, 0, 0],
			"to": [8, 1, 7],
			"faces": {
				"east": {"uv": [0, 15, 7, 16], "texture": "#0", "cullface": "down"},
				"west": {"uv": [9, 15, 16, 16], "texture": "#0", "cullface": "down"}
			}
		},
		{
			"from": [7, 0, 0],
			"to": [9, 16, 8],
			"faces": {
				"south": {"uv": [7, 0, 9, 16], "texture": "#1"},
				"up": {"uv": [7, 0, 9, 8], "texture": "#1", "cullface": "up"},
				"down": {"uv": [7, 8, 9, 16], "texture": "#1", "cullface": "down"}
			}
		}
	]
}