{
	"credit": "Made with Blockbench",
	"parent": "minecraft:block/block",
	"textures": {
		"0": "block/furnace_bottom",
		"1": "block/furnace_front",
		"2": "block/furnace_side",
		"3": "block/furnace_top",
		"4": "block/furnace_front_inner",
		"particle": "block/furnace_bottom"
	},
	"elements": [
		{
			"from": [0, 0, 0],
			"to": [16, 16, 16],
			"faces": {
				"east": {"uv": [0, 0, 16, 16], "texture": "#2", "cullface": "east"},
				"south": {"uv": [0, 0, 16, 16], "texture": "#2", "cullface": "south"},
				"west": {"uv": [0, 0, 16, 16], "texture": "#2", "cullface": "west"},
				"up": {"uv": [0, 0, 16, 16], "texture": "#3", "cullface": "up"},
				"down": {"uv": [0, 0, 16, 16], "texture": "#0", "cullface": "down"}
			}
		},
		{
			"from": [0, 0, 1],
			"to": [16, 16, 1],
			"faces": {
				"north": {"uv": [0, 0, 16, 16], "texture": "#4", "cullface": "north"}
			}
		},
		{
			"from": [0, 13, 0],
			"to": [16, 16, 1],
			"faces": {
				"north": {"uv": [0, 0, 16, 3], "texture": "#4", "cullface": "north"},
				"down": {"uv": [0, 3, 16, 4], "texture": "#4", "cullface": "north"}
			}
		},
		{
			"from": [0, 0, 0],
			"to": [16, 1, 1],
			"faces": {
				"north": {"uv": [0, 15, 16, 16], "texture": "#4", "cullface": "north"},
				"up": {"uv": [0, 15, 16, 16], "texture": "#4", "cullface": "north"}
			}
		},
		{
			"from": [13, 1, 0],
			"to": [16, 13, 1],
			"faces": {
				"north": {"uv": [0, 3, 3, 15], "texture": "#4", "cullface": "north"},
				"west": {"uv": [3, 3, 4, 15], "texture": "#4", "cullface": "north"},
				"down": {"uv": [0, 15, 16, 16], "texture": "#0", "cullface": "down"}
			}
		},
		{
			"from": [0, 1, 0],
			"to": [3, 13, 1],
			"faces": {
				"north": {"uv": [13, 3, 16, 15], "texture": "#4", "cullface": "north"},
				"east": {"uv": [12, 3, 13, 15], "texture": "#4", "cullface": "north"},
				"down": {"uv": [0, 15, 16, 16], "texture": "#0", "cullface": "down"}
			}
		},
		{
			"from": [3, 5, 0],
			"to": [13, 9, 1],
			"faces": {
				"north": {"uv": [3, 7, 13, 11], "texture": "#1", "cullface": "north"},
				"up": {"uv": [3, 7, 13, 8], "texture": "#1", "cullface": "north"},
				"down": {"uv": [3, 10, 13, 11], "texture": "#4", "cullface": "north"}
			}
		},
		{
			"from": [11, 12, 0],
			"to": [13, 13, 1],
			"faces": {
				"north": {"uv": [3, 3, 5, 4], "texture": "#1", "cullface": "north"}
			}
		},
		{
			"from": [3, 12, 0],
			"to": [5, 13, 1],
			"faces": {
				"north": {"uv": [11, 3, 13, 4], "texture": "#1", "cullface": "north"}
			}
		},
		{
			"from": [3, 11, 0],
			"to": [4, 12, 1],
			"faces": {
				"north": {"uv": [12, 4, 13, 5], "texture": "#1", "cullface": "north"}
			}
		},
		{
			"from": [12, 11, 0],
			"to": [13, 12, 1],
			"faces": {
				"north": {"uv": [3, 4, 4, 5], "texture": "#1", "cullface": "north"}
			}
		},
		{
			"from": [3, 4, 0],
			"to": [4, 5, 1],
			"faces": {
				"north": {"uv": [12, 11, 13, 12], "texture": "#1", "cullface": "north"}
			}
		},
		{
			"from": [12, 4, 0],
			"to": [13, 5, 1],
			"faces": {
				"north": {"uv": [3, 11, 4, 12], "texture": "#1", "cullface": "north"}
			}
		}
	],
	"groups": [
		{
			"name": "furnace",
			"origin": [8, 8, 8],
			"color": 0,
			"children": [0, 1, 2, 3, 4, 5, 6, 7, 8, 9, 10, 11, 12]
		}
	]
}