{
	"credit": "Made with Blockbench",
	"textures": {
		"0": "block/grass_stones",
		"particle": "block/grass_stones"
	},
	"elements": [
		{
			"from": [2.1, -0.75, 2.1],
			"to": [8.1, 2.25, 8.1],
			"faces": {
				"north": {"uv": [0, 13, 6, 16], "texture": "#0"},
				"east": {"uv": [0, 13, 6, 16], "texture": "#0"},
				"south": {"uv": [0, 13, 6, 16], "texture": "#0"},
				"west": {"uv": [0, 13, 6, 16], "texture": "#0"},
				"up": {"uv": [0, 7, 6, 13], "texture": "#0"}
			}
		},
		{
			"from": [10.1, -0.75, 8.1],
			"to": [14.1, 2.25, 12.1],
			"faces": {
				"north": {"uv": [7, 13, 11, 16], "texture": "#0"},
				"east": {"uv": [7, 13, 11, 16], "texture": "#0"},
				"south": {"uv": [7, 13, 11, 16], "texture": "#0"},
				"west": {"uv": [7, 13, 11, 16], "texture": "#0"},
				"up": {"uv": [7, 9, 11, 13], "texture": "#0"}
			}
		}
	]
}