{
  "variants": {
    "": [
      { "model": "minecraft:block/end_stone", "weight": 100 },
      { "model": "minecraft:block/end_stone", "weight": 100, "y": 90 },
      { "model": "minecraft:block/end_stone", "weight": 100, "y": 180 },
      { "model": "minecraft:block/end_stone", "weight": 100, "y": 270 },
      { "model": "minecraft:block/end_stone2", "weight": 5 },
      { "model": "minecraft:block/end_stone2", "weight": 5, "y": 90 },
      { "model": "minecraft:block/end_stone2", "weight": 5, "y": 180 },
      { "model": "minecraft:block/end_stone2", "weight": 5, "y": 270 },
      { "model": "minecraft:block/end_stone_stone", "weight": 2 },
      { "model": "minecraft:block/end_stone_stone", "weight": 2, "y": 90 },
      { "model": "minecraft:block/end_stone_stone", "weight": 2, "y": 180 },
      { "model": "minecraft:block/end_stone_stone", "weight": 2, "y": 270 },
      { "model": "minecraft:block/end_stone_stones", "weight": 1 },
      { "model": "minecraft:block/end_stone_stones", "weight": 1, "y": 90 },
      { "model": "minecraft:block/end_stone_stones", "weight": 1, "y": 180 },
      { "model": "minecraft:block/end_stone_stones", "weight": 1, "y": 270 },
      { "model": "minecraft:block/end_stone_flowers", "weight": 4 },
      { "model": "minecraft:block/end_stone_flowers", "weight": 4, "y": 90 },
      { "model": "minecraft:block/end_stone_flowers", "weight": 4, "y": 180 },
      { "model": "minecraft:block/end_stone_flowers", "weight": 4, "y": 270 }
    ]
  }
}